"","X","id","landscape","position","row","column","initial.species","extinctions","distance2nonextinct","connectivity2nonextinct","n_extinctions","correlation","treatment_label","correlation_label","n_extinctions_label","extinction_label","treatment_label_bis","return_point","return_time","distance2extinct"
"1",1,1,1,1,1,1,"Tet",FALSE,0,NA,0,FALSE,0,"Dispersed extinctions","0 extinction","Non-extinct patches","Control",0,0,0
"2",2,2,1,2,1,2,"Ble",FALSE,0,NA,0,FALSE,0,"Dispersed extinctions","0 extinction","Non-extinct patches","Control",0,0,0
"3",3,3,1,3,1,3,"Ble",FALSE,0,NA,0,FALSE,0,"Dispersed extinctions","0 extinction","Non-extinct patches","Control",0,0,0
"4",4,4,1,4,1,4,"Ble",FALSE,0,NA,0,FALSE,0,"Dispersed extinctions","0 extinction","Non-extinct patches","Control",0,0,0
"5",5,5,1,5,2,1,"Col",FALSE,0,NA,0,FALSE,0,"Dispersed extinctions","0 extinction","Non-extinct patches","Control",0,0,0
"6",6,6,1,6,2,2,"Col",FALSE,0,NA,0,FALSE,0,"Dispersed extinctions","0 extinction","Non-extinct patches","Control",0,0,0
"7",7,7,1,7,2,3,"Tet",FALSE,0,NA,0,FALSE,0,"Dispersed extinctions","0 extinction","Non-extinct patches","Control",0,0,0
"8",8,8,1,8,2,4,"Ble",FALSE,0,NA,0,FALSE,0,"Dispersed extinctions","0 extinction","Non-extinct patches","Control",0,0,0
"9",9,9,1,9,3,1,"Col",FALSE,0,NA,0,FALSE,0,"Dispersed extinctions","0 extinction","Non-extinct patches","Control",0,0,0
"10",10,10,1,10,3,2,"Tet",FALSE,0,NA,0,FALSE,0,"Dispersed extinctions","0 extinction","Non-extinct patches","Control",0,0,0
"11",11,11,1,11,3,3,"Col",FALSE,0,NA,0,FALSE,0,"Dispersed extinctions","0 extinction","Non-extinct patches","Control",0,0,0
"12",12,12,1,12,3,4,"Ble",FALSE,0,NA,0,FALSE,0,"Dispersed extinctions","0 extinction","Non-extinct patches","Control",0,0,0
"13",13,13,1,13,4,1,"Col",FALSE,0,NA,0,FALSE,0,"Dispersed extinctions","0 extinction","Non-extinct patches","Control",0,0,0
"14",14,14,1,14,4,2,"Ble",FALSE,0,NA,0,FALSE,0,"Dispersed extinctions","0 extinction","Non-extinct patches","Control",0,0,0
"15",15,15,1,15,4,3,"Tet",FALSE,0,NA,0,FALSE,0,"Dispersed extinctions","0 extinction","Non-extinct patches","Control",0,0,0
"16",16,16,1,16,4,4,"Tet",FALSE,0,NA,0,FALSE,0,"Dispersed extinctions","0 extinction","Non-extinct patches","Control",0,0,0
"17",17,17,2,1,1,1,"Col",FALSE,0,NA,0,FALSE,0,"Dispersed extinctions","0 extinction","Non-extinct patches","Control",0,0,0
"18",18,18,2,2,1,2,"Tet",FALSE,0,NA,0,FALSE,0,"Dispersed extinctions","0 extinction","Non-extinct patches","Control",0,0,0
"19",19,19,2,3,1,3,"Ble",FALSE,0,NA,0,FALSE,0,"Dispersed extinctions","0 extinction","Non-extinct patches","Control",0,0,0
"20",20,20,2,4,1,4,"Col",FALSE,0,NA,0,FALSE,0,"Dispersed extinctions","0 extinction","Non-extinct patches","Control",0,0,0
"21",21,21,2,5,2,1,"Ble",FALSE,0,NA,0,FALSE,0,"Dispersed extinctions","0 extinction","Non-extinct patches","Control",0,0,0
"22",22,22,2,6,2,2,"Col",FALSE,0,NA,0,FALSE,0,"Dispersed extinctions","0 extinction","Non-extinct patches","Control",0,0,0
"23",23,23,2,7,2,3,"Ble",FALSE,0,NA,0,FALSE,0,"Dispersed extinctions","0 extinction","Non-extinct patches","Control",0,0,0
"24",24,24,2,8,2,4,"Ble",FALSE,0,NA,0,FALSE,0,"Dispersed extinctions","0 extinction","Non-extinct patches","Control",0,0,0
"25",25,25,2,9,3,1,"Tet",FALSE,0,NA,0,FALSE,0,"Dispersed extinctions","0 extinction","Non-extinct patches","Control",0,0,0
"26",26,26,2,10,3,2,"Col",FALSE,0,NA,0,FALSE,0,"Dispersed extinctions","0 extinction","Non-extinct patches","Control",0,0,0
"27",27,27,2,11,3,3,"Col",FALSE,0,NA,0,FALSE,0,"Dispersed extinctions","0 extinction","Non-extinct patches","Control",0,0,0
"28",28,28,2,12,3,4,"Col",FALSE,0,NA,0,FALSE,0,"Dispersed extinctions","0 extinction","Non-extinct patches","Control",0,0,0
"29",29,29,2,13,4,1,"Tet",FALSE,0,NA,0,FALSE,0,"Dispersed extinctions","0 extinction","Non-extinct patches","Control",0,0,0
"30",30,30,2,14,4,2,"Tet",FALSE,0,NA,0,FALSE,0,"Dispersed extinctions","0 extinction","Non-extinct patches","Control",0,0,0
"31",31,31,2,15,4,3,"Tet",FALSE,0,NA,0,FALSE,0,"Dispersed extinctions","0 extinction","Non-extinct patches","Control",0,0,0
"32",32,32,2,16,4,4,"Ble",FALSE,0,NA,0,FALSE,0,"Dispersed extinctions","0 extinction","Non-extinct patches","Control",0,0,0
"33",33,33,3,1,1,1,"Tet",FALSE,0,NA,0,FALSE,0,"Dispersed extinctions","0 extinction","Non-extinct patches","Control",0,0,0
"34",34,34,3,2,1,2,"Tet",FALSE,0,NA,0,FALSE,0,"Dispersed extinctions","0 extinction","Non-extinct patches","Control",0,0,0
"35",35,35,3,3,1,3,"Ble",FALSE,0,NA,0,FALSE,0,"Dispersed extinctions","0 extinction","Non-extinct patches","Control",0,0,0
"36",36,36,3,4,1,4,"Tet",FALSE,0,NA,0,FALSE,0,"Dispersed extinctions","0 extinction","Non-extinct patches","Control",0,0,0
"37",37,37,3,5,2,1,"Col",FALSE,0,NA,0,FALSE,0,"Dispersed extinctions","0 extinction","Non-extinct patches","Control",0,0,0
"38",38,38,3,6,2,2,"Ble",FALSE,0,NA,0,FALSE,0,"Dispersed extinctions","0 extinction","Non-extinct patches","Control",0,0,0
"39",39,39,3,7,2,3,"Ble",FALSE,0,NA,0,FALSE,0,"Dispersed extinctions","0 extinction","Non-extinct patches","Control",0,0,0
"40",40,40,3,8,2,4,"Col",FALSE,0,NA,0,FALSE,0,"Dispersed extinctions","0 extinction","Non-extinct patches","Control",0,0,0
"41",41,41,3,9,3,1,"Ble",FALSE,0,NA,0,FALSE,0,"Dispersed extinctions","0 extinction","Non-extinct patches","Control",0,0,0
"42",42,42,3,10,3,2,"Ble",FALSE,0,NA,0,FALSE,0,"Dispersed extinctions","0 extinction","Non-extinct patches","Control",0,0,0
"43",43,43,3,11,3,3,"Ble",FALSE,0,NA,0,FALSE,0,"Dispersed extinctions","0 extinction","Non-extinct patches","Control",0,0,0
"44",44,44,3,12,3,4,"Tet",FALSE,0,NA,0,FALSE,0,"Dispersed extinctions","0 extinction","Non-extinct patches","Control",0,0,0
"45",45,45,3,13,4,1,"Col",FALSE,0,NA,0,FALSE,0,"Dispersed extinctions","0 extinction","Non-extinct patches","Control",0,0,0
"46",46,46,3,14,4,2,"Col",FALSE,0,NA,0,FALSE,0,"Dispersed extinctions","0 extinction","Non-extinct patches","Control",0,0,0
"47",47,47,3,15,4,3,"Col",FALSE,0,NA,0,FALSE,0,"Dispersed extinctions","0 extinction","Non-extinct patches","Control",0,0,0
"48",48,48,3,16,4,4,"Tet",FALSE,0,NA,0,FALSE,0,"Dispersed extinctions","0 extinction","Non-extinct patches","Control",0,0,0
"49",49,49,4,1,1,1,"Tet",FALSE,0,NA,4,FALSE,1,"Dispersed extinctions","4 extinctions","Non-extinct patches","4 Dispersed",0,0,1
"50",50,50,4,2,1,2,"Ble",TRUE,1,3,4,FALSE,1,"Dispersed extinctions","4 extinctions","Extinct patches","4 Dispersed",2,91.4583333333333,0
"51",51,51,4,3,1,3,"Tet",FALSE,0,NA,4,FALSE,1,"Dispersed extinctions","4 extinctions","Non-extinct patches","4 Dispersed",0,0,1
"52",52,52,4,4,1,4,"Tet",FALSE,0,NA,4,FALSE,1,"Dispersed extinctions","4 extinctions","Non-extinct patches","4 Dispersed",0,0,2
"53",53,53,4,5,2,1,"Col",FALSE,0,NA,4,FALSE,1,"Dispersed extinctions","4 extinctions","Non-extinct patches","4 Dispersed",0,0,1
"54",54,54,4,6,2,2,"Tet",FALSE,0,NA,4,FALSE,1,"Dispersed extinctions","4 extinctions","Non-extinct patches","4 Dispersed",0,0,1
"55",55,55,4,7,2,3,"Ble",FALSE,0,NA,4,FALSE,1,"Dispersed extinctions","4 extinctions","Non-extinct patches","4 Dispersed",0,0,1
"56",56,56,4,8,2,4,"Ble",FALSE,0,NA,4,FALSE,1,"Dispersed extinctions","4 extinctions","Non-extinct patches","4 Dispersed",0,0,2
"57",57,57,4,9,3,1,"Tet",TRUE,1,3,4,FALSE,1,"Dispersed extinctions","4 extinctions","Extinct patches","4 Dispersed",1,44.0875,0
"58",58,58,4,10,3,2,"Ble",FALSE,0,NA,4,FALSE,1,"Dispersed extinctions","4 extinctions","Non-extinct patches","4 Dispersed",0,0,1
"59",59,59,4,11,3,3,"Ble",TRUE,1,4,4,FALSE,1,"Dispersed extinctions","4 extinctions","Extinct patches","4 Dispersed",3,164.466666666667,0
"60",60,60,4,12,3,4,"Col",FALSE,0,NA,4,FALSE,1,"Dispersed extinctions","4 extinctions","Non-extinct patches","4 Dispersed",0,0,1
"61",61,61,4,13,4,1,"Col",FALSE,0,NA,4,FALSE,1,"Dispersed extinctions","4 extinctions","Non-extinct patches","4 Dispersed",0,0,1
"62",62,62,4,14,4,2,"Tet",FALSE,0,NA,4,FALSE,1,"Dispersed extinctions","4 extinctions","Non-extinct patches","4 Dispersed",0,0,2
"63",63,63,4,15,4,3,"Col",FALSE,0,NA,4,FALSE,1,"Dispersed extinctions","4 extinctions","Non-extinct patches","4 Dispersed",0,0,1
"64",64,64,4,16,4,4,"Col",TRUE,1,2,4,FALSE,1,"Dispersed extinctions","4 extinctions","Extinct patches","4 Dispersed",3,164.466666666667,0
"65",65,65,5,1,1,1,"Tet",TRUE,1,2,4,FALSE,1,"Dispersed extinctions","4 extinctions","Extinct patches","4 Dispersed",3,164.466666666667,0
"66",66,66,5,2,1,2,"Col",FALSE,0,NA,4,FALSE,1,"Dispersed extinctions","4 extinctions","Non-extinct patches","4 Dispersed",0,0,1
"67",67,67,5,3,1,3,"Col",FALSE,0,NA,4,FALSE,1,"Dispersed extinctions","4 extinctions","Non-extinct patches","4 Dispersed",0,0,1
"68",68,68,5,4,1,4,"Ble",TRUE,1,2,4,FALSE,1,"Dispersed extinctions","4 extinctions","Extinct patches","4 Dispersed",3,164.466666666667,0
"69",69,69,5,5,2,1,"Ble",FALSE,0,NA,4,FALSE,1,"Dispersed extinctions","4 extinctions","Non-extinct patches","4 Dispersed",0,0,1
"70",70,70,5,6,2,2,"Col",TRUE,1,4,4,FALSE,1,"Dispersed extinctions","4 extinctions","Extinct patches","4 Dispersed",3,164.466666666667,0
"71",71,71,5,7,2,3,"Tet",FALSE,0,NA,4,FALSE,1,"Dispersed extinctions","4 extinctions","Non-extinct patches","4 Dispersed",0,0,1
"72",72,72,5,8,2,4,"Col",FALSE,0,NA,4,FALSE,1,"Dispersed extinctions","4 extinctions","Non-extinct patches","4 Dispersed",0,0,1
"73",73,73,5,9,3,1,"Col",FALSE,0,NA,4,FALSE,1,"Dispersed extinctions","4 extinctions","Non-extinct patches","4 Dispersed",0,0,2
"74",74,74,5,10,3,2,"Ble",FALSE,0,NA,4,FALSE,1,"Dispersed extinctions","4 extinctions","Non-extinct patches","4 Dispersed",0,0,1
"75",75,75,5,11,3,3,"Tet",TRUE,1,4,4,FALSE,1,"Dispersed extinctions","4 extinctions","Extinct patches","4 Dispersed",2,91.4583333333333,0
"76",76,76,5,12,3,4,"Tet",FALSE,0,NA,4,FALSE,1,"Dispersed extinctions","4 extinctions","Non-extinct patches","4 Dispersed",0,0,1
"77",77,77,5,13,4,1,"Ble",FALSE,0,NA,4,FALSE,1,"Dispersed extinctions","4 extinctions","Non-extinct patches","4 Dispersed",0,0,3
"78",78,78,5,14,4,2,"Ble",FALSE,0,NA,4,FALSE,1,"Dispersed extinctions","4 extinctions","Non-extinct patches","4 Dispersed",0,0,2
"79",79,79,5,15,4,3,"Tet",FALSE,0,NA,4,FALSE,1,"Dispersed extinctions","4 extinctions","Non-extinct patches","4 Dispersed",0,0,1
"80",80,80,5,16,4,4,"Ble",FALSE,0,NA,4,FALSE,1,"Dispersed extinctions","4 extinctions","Non-extinct patches","4 Dispersed",0,0,2
"81",81,81,6,1,1,1,"Tet",FALSE,0,NA,4,FALSE,1,"Dispersed extinctions","4 extinctions","Non-extinct patches","4 Dispersed",0,0,2
"82",82,82,6,2,1,2,"Tet",FALSE,0,NA,4,FALSE,1,"Dispersed extinctions","4 extinctions","Non-extinct patches","4 Dispersed",0,0,1
"83",83,83,6,3,1,3,"Col",TRUE,1,3,4,FALSE,1,"Dispersed extinctions","4 extinctions","Extinct patches","4 Dispersed",1,44.0875,0
"84",84,84,6,4,1,4,"Ble",FALSE,0,NA,4,FALSE,1,"Dispersed extinctions","4 extinctions","Non-extinct patches","4 Dispersed",0,0,1
"85",85,85,6,5,2,1,"Tet",FALSE,0,NA,4,FALSE,1,"Dispersed extinctions","4 extinctions","Non-extinct patches","4 Dispersed",0,0,2
"86",86,86,6,6,2,2,"Col",FALSE,0,NA,4,FALSE,1,"Dispersed extinctions","4 extinctions","Non-extinct patches","4 Dispersed",0,0,1
"87",87,87,6,7,2,3,"Ble",FALSE,0,NA,4,FALSE,1,"Dispersed extinctions","4 extinctions","Non-extinct patches","4 Dispersed",0,0,1
"88",88,88,6,8,2,4,"Col",TRUE,1,3,4,FALSE,1,"Dispersed extinctions","4 extinctions","Extinct patches","4 Dispersed",3,164.466666666667,0
"89",89,89,6,9,3,1,"Col",FALSE,0,NA,4,FALSE,1,"Dispersed extinctions","4 extinctions","Non-extinct patches","4 Dispersed",0,0,1
"90",90,90,6,10,3,2,"Ble",TRUE,1,4,4,FALSE,1,"Dispersed extinctions","4 extinctions","Extinct patches","4 Dispersed",2,91.4583333333333,0
"91",91,91,6,11,3,3,"Ble",FALSE,0,NA,4,FALSE,1,"Dispersed extinctions","4 extinctions","Non-extinct patches","4 Dispersed",0,0,1
"92",92,92,6,12,3,4,"Tet",FALSE,0,NA,4,FALSE,1,"Dispersed extinctions","4 extinctions","Non-extinct patches","4 Dispersed",0,0,1
"93",93,93,6,13,4,1,"Col",FALSE,0,NA,4,FALSE,1,"Dispersed extinctions","4 extinctions","Non-extinct patches","4 Dispersed",0,0,2
"94",94,94,6,14,4,2,"Col",FALSE,0,NA,4,FALSE,1,"Dispersed extinctions","4 extinctions","Non-extinct patches","4 Dispersed",0,0,1
"95",95,95,6,15,4,3,"Ble",FALSE,0,NA,4,FALSE,1,"Dispersed extinctions","4 extinctions","Non-extinct patches","4 Dispersed",0,0,1
"96",96,96,6,16,4,4,"Tet",TRUE,1,2,4,FALSE,1,"Dispersed extinctions","4 extinctions","Extinct patches","4 Dispersed",3,164.466666666667,0
"97",97,97,7,1,1,1,"Col",FALSE,0,NA,4,TRUE,2,"Clumped extinctions","4 extinctions","Non-extinct patches","4 Clumped",0,0,2
"98",98,98,7,2,1,2,"Tet",FALSE,0,NA,4,TRUE,2,"Clumped extinctions","4 extinctions","Non-extinct patches","4 Clumped",0,0,2
"99",99,99,7,3,1,3,"Ble",FALSE,0,NA,4,TRUE,2,"Clumped extinctions","4 extinctions","Non-extinct patches","4 Clumped",0,0,3
"100",100,100,7,4,1,4,"Ble",FALSE,0,NA,4,TRUE,2,"Clumped extinctions","4 extinctions","Non-extinct patches","4 Clumped",0,0,4
"101",101,101,7,5,2,1,"Ble",FALSE,0,NA,4,TRUE,2,"Clumped extinctions","4 extinctions","Non-extinct patches","4 Clumped",0,0,1
"102",102,102,7,6,2,2,"Col",FALSE,0,NA,4,TRUE,2,"Clumped extinctions","4 extinctions","Non-extinct patches","4 Clumped",0,0,1
"103",103,103,7,7,2,3,"Col",FALSE,0,NA,4,TRUE,2,"Clumped extinctions","4 extinctions","Non-extinct patches","4 Clumped",0,0,2
"104",104,104,7,8,2,4,"Col",FALSE,0,NA,4,TRUE,2,"Clumped extinctions","4 extinctions","Non-extinct patches","4 Clumped",0,0,3
"105",105,105,7,9,3,1,"Tet",TRUE,1,1,4,TRUE,2,"Clumped extinctions","4 extinctions","Extinct patches","4 Clumped",4,212.395833333333,0
"106",106,106,7,10,3,2,"Tet",TRUE,1,2,4,TRUE,2,"Clumped extinctions","4 extinctions","Extinct patches","4 Clumped",3,164.466666666667,0
"107",107,107,7,11,3,3,"Ble",FALSE,0,NA,4,TRUE,2,"Clumped extinctions","4 extinctions","Non-extinct patches","4 Clumped",0,0,1
"108",108,108,7,12,3,4,"Tet",FALSE,0,NA,4,TRUE,2,"Clumped extinctions","4 extinctions","Non-extinct patches","4 Clumped",0,0,2
"109",109,109,7,13,4,1,"Ble",TRUE,2,0,4,TRUE,2,"Clumped extinctions","4 extinctions","Extinct patches","4 Clumped",3,164.466666666667,0
"110",110,110,7,14,4,2,"Tet",TRUE,1,1,4,TRUE,2,"Clumped extinctions","4 extinctions","Extinct patches","4 Clumped",2,91.4583333333333,0
"111",111,111,7,15,4,3,"Tet",FALSE,0,NA,4,TRUE,2,"Clumped extinctions","4 extinctions","Non-extinct patches","4 Clumped",0,0,1
"112",112,112,7,16,4,4,"Col",FALSE,0,NA,4,TRUE,2,"Clumped extinctions","4 extinctions","Non-extinct patches","4 Clumped",0,0,2
"113",113,113,8,1,1,1,"Ble",TRUE,2,0,4,TRUE,2,"Clumped extinctions","4 extinctions","Extinct patches","4 Clumped",3,164.466666666667,0
"114",114,114,8,2,1,2,"Tet",TRUE,1,1,4,TRUE,2,"Clumped extinctions","4 extinctions","Extinct patches","4 Clumped",1,44.0875,0
"115",115,115,8,3,1,3,"Col",FALSE,0,NA,4,TRUE,2,"Clumped extinctions","4 extinctions","Non-extinct patches","4 Clumped",0,0,1
"116",116,116,8,4,1,4,"Tet",FALSE,0,NA,4,TRUE,2,"Clumped extinctions","4 extinctions","Non-extinct patches","4 Clumped",0,0,2
"117",117,117,8,5,2,1,"Ble",TRUE,1,1,4,TRUE,2,"Clumped extinctions","4 extinctions","Extinct patches","4 Clumped",2,91.4583333333333,0
"118",118,118,8,6,2,2,"Ble",TRUE,1,2,4,TRUE,2,"Clumped extinctions","4 extinctions","Extinct patches","4 Clumped",2,91.4583333333333,0
"119",119,119,8,7,2,3,"Col",FALSE,0,NA,4,TRUE,2,"Clumped extinctions","4 extinctions","Non-extinct patches","4 Clumped",0,0,1
"120",120,120,8,8,2,4,"Tet",FALSE,0,NA,4,TRUE,2,"Clumped extinctions","4 extinctions","Non-extinct patches","4 Clumped",0,0,2
"121",121,121,8,9,3,1,"Col",FALSE,0,NA,4,TRUE,2,"Clumped extinctions","4 extinctions","Non-extinct patches","4 Clumped",0,0,1
"122",122,122,8,10,3,2,"Ble",FALSE,0,NA,4,TRUE,2,"Clumped extinctions","4 extinctions","Non-extinct patches","4 Clumped",0,0,1
"123",123,123,8,11,3,3,"Tet",FALSE,0,NA,4,TRUE,2,"Clumped extinctions","4 extinctions","Non-extinct patches","4 Clumped",0,0,2
"124",124,124,8,12,3,4,"Ble",FALSE,0,NA,4,TRUE,2,"Clumped extinctions","4 extinctions","Non-extinct patches","4 Clumped",0,0,3
"125",125,125,8,13,4,1,"Col",FALSE,0,NA,4,TRUE,2,"Clumped extinctions","4 extinctions","Non-extinct patches","4 Clumped",0,0,2
"126",126,126,8,14,4,2,"Tet",FALSE,0,NA,4,TRUE,2,"Clumped extinctions","4 extinctions","Non-extinct patches","4 Clumped",0,0,2
"127",127,127,8,15,4,3,"Col",FALSE,0,NA,4,TRUE,2,"Clumped extinctions","4 extinctions","Non-extinct patches","4 Clumped",0,0,3
"128",128,128,8,16,4,4,"Col",FALSE,0,NA,4,TRUE,2,"Clumped extinctions","4 extinctions","Non-extinct patches","4 Clumped",0,0,4
"129",129,129,9,1,1,1,"Ble",FALSE,0,NA,4,TRUE,2,"Clumped extinctions","4 extinctions","Non-extinct patches","4 Clumped",0,0,2
"130",130,130,9,2,1,2,"Col",FALSE,0,NA,4,TRUE,2,"Clumped extinctions","4 extinctions","Non-extinct patches","4 Clumped",0,0,2
"131",131,131,9,3,1,3,"Ble",FALSE,0,NA,4,TRUE,2,"Clumped extinctions","4 extinctions","Non-extinct patches","4 Clumped",0,0,3
"132",132,132,9,4,1,4,"Col",FALSE,0,NA,4,TRUE,2,"Clumped extinctions","4 extinctions","Non-extinct patches","4 Clumped",0,0,4
"133",133,133,9,5,2,1,"Tet",FALSE,0,NA,4,TRUE,2,"Clumped extinctions","4 extinctions","Non-extinct patches","4 Clumped",0,0,1
"134",134,134,9,6,2,2,"Col",FALSE,0,NA,4,TRUE,2,"Clumped extinctions","4 extinctions","Non-extinct patches","4 Clumped",0,0,1
"135",135,135,9,7,2,3,"Tet",FALSE,0,NA,4,TRUE,2,"Clumped extinctions","4 extinctions","Non-extinct patches","4 Clumped",0,0,2
"136",136,136,9,8,2,4,"Ble",FALSE,0,NA,4,TRUE,2,"Clumped extinctions","4 extinctions","Non-extinct patches","4 Clumped",0,0,3
"137",137,137,9,9,3,1,"Col",TRUE,1,1,4,TRUE,2,"Clumped extinctions","4 extinctions","Extinct patches","4 Clumped",1,44.0875,0
"138",138,138,9,10,3,2,"Col",TRUE,1,2,4,TRUE,2,"Clumped extinctions","4 extinctions","Extinct patches","4 Clumped",2,91.4583333333333,0
"139",139,139,9,11,3,3,"Tet",FALSE,0,NA,4,TRUE,2,"Clumped extinctions","4 extinctions","Non-extinct patches","4 Clumped",0,0,1
"140",140,140,9,12,3,4,"Tet",FALSE,0,NA,4,TRUE,2,"Clumped extinctions","4 extinctions","Non-extinct patches","4 Clumped",0,0,2
"141",141,141,9,13,4,1,"Tet",TRUE,2,0,4,TRUE,2,"Clumped extinctions","4 extinctions","Extinct patches","4 Clumped",3,164.466666666667,0
"142",142,142,9,14,4,2,"Tet",TRUE,1,1,4,TRUE,2,"Clumped extinctions","4 extinctions","Extinct patches","4 Clumped",3,164.466666666667,0
"143",143,143,9,15,4,3,"Ble",FALSE,0,NA,4,TRUE,2,"Clumped extinctions","4 extinctions","Non-extinct patches","4 Clumped",0,0,1
"144",144,144,9,16,4,4,"Ble",FALSE,0,NA,4,TRUE,2,"Clumped extinctions","4 extinctions","Non-extinct patches","4 Clumped",0,0,2
"145",145,145,10,1,1,1,"Ble",TRUE,1,2,8,FALSE,3,"Dispersed extinctions","8 extinctions","Extinct patches","8 Dispersed",3,164.466666666667,0
"146",146,146,10,2,1,2,"Tet",FALSE,0,NA,8,FALSE,3,"Dispersed extinctions","8 extinctions","Non-extinct patches","8 Dispersed",0,0,1
"147",147,147,10,3,1,3,"Ble",TRUE,1,3,8,FALSE,3,"Dispersed extinctions","8 extinctions","Extinct patches","8 Dispersed",3,164.466666666667,0
"148",148,148,10,4,1,4,"Ble",FALSE,0,NA,8,FALSE,3,"Dispersed extinctions","8 extinctions","Non-extinct patches","8 Dispersed",0,0,1
"149",149,149,10,5,2,1,"Col",FALSE,0,NA,8,FALSE,3,"Dispersed extinctions","8 extinctions","Non-extinct patches","8 Dispersed",0,0,1
"150",150,150,10,6,2,2,"Col",TRUE,1,4,8,FALSE,3,"Dispersed extinctions","8 extinctions","Extinct patches","8 Dispersed",2,91.4583333333333,0
"151",151,151,10,7,2,3,"Ble",FALSE,0,NA,8,FALSE,3,"Dispersed extinctions","8 extinctions","Non-extinct patches","8 Dispersed",0,0,1
"152",152,152,10,8,2,4,"Tet",TRUE,1,3,8,FALSE,3,"Dispersed extinctions","8 extinctions","Extinct patches","8 Dispersed",1,44.0875,0
"153",153,153,10,9,3,1,"Col",TRUE,1,3,8,FALSE,3,"Dispersed extinctions","8 extinctions","Extinct patches","8 Dispersed",3,164.466666666667,0
"154",154,154,10,10,3,2,"Tet",FALSE,0,NA,8,FALSE,3,"Dispersed extinctions","8 extinctions","Non-extinct patches","8 Dispersed",0,0,1
"155",155,155,10,11,3,3,"Tet",TRUE,1,4,8,FALSE,3,"Dispersed extinctions","8 extinctions","Extinct patches","8 Dispersed",1,44.0875,0
"156",156,156,10,12,3,4,"Tet",FALSE,0,NA,8,FALSE,3,"Dispersed extinctions","8 extinctions","Non-extinct patches","8 Dispersed",0,0,1
"157",157,157,10,13,4,1,"Tet",FALSE,0,NA,8,FALSE,3,"Dispersed extinctions","8 extinctions","Non-extinct patches","8 Dispersed",0,0,1
"158",158,158,10,14,4,2,"Ble",TRUE,1,3,8,FALSE,3,"Dispersed extinctions","8 extinctions","Extinct patches","8 Dispersed",3,164.466666666667,0
"159",159,159,10,15,4,3,"Col",FALSE,0,NA,8,FALSE,3,"Dispersed extinctions","8 extinctions","Non-extinct patches","8 Dispersed",0,0,1
"160",160,160,10,16,4,4,"Col",TRUE,1,2,8,FALSE,3,"Dispersed extinctions","8 extinctions","Extinct patches","8 Dispersed",1,44.0875,0
"161",161,161,11,1,1,1,"Tet",TRUE,1,2,8,FALSE,3,"Dispersed extinctions","8 extinctions","Extinct patches","8 Dispersed",2,91.4583333333333,0
"162",162,162,11,2,1,2,"Ble",FALSE,0,NA,8,FALSE,3,"Dispersed extinctions","8 extinctions","Non-extinct patches","8 Dispersed",0,0,1
"163",163,163,11,3,1,3,"Col",TRUE,1,3,8,FALSE,3,"Dispersed extinctions","8 extinctions","Extinct patches","8 Dispersed",2,91.4583333333333,0
"164",164,164,11,4,1,4,"Col",FALSE,0,NA,8,FALSE,3,"Dispersed extinctions","8 extinctions","Non-extinct patches","8 Dispersed",0,0,1
"165",165,165,11,5,2,1,"Tet",FALSE,0,NA,8,FALSE,3,"Dispersed extinctions","8 extinctions","Non-extinct patches","8 Dispersed",0,0,1
"166",166,166,11,6,2,2,"Col",TRUE,1,4,8,FALSE,3,"Dispersed extinctions","8 extinctions","Extinct patches","8 Dispersed",1,44.0875,0
"167",167,167,11,7,2,3,"Tet",FALSE,0,NA,8,FALSE,3,"Dispersed extinctions","8 extinctions","Non-extinct patches","8 Dispersed",0,0,1
"168",168,168,11,8,2,4,"Tet",TRUE,1,3,8,FALSE,3,"Dispersed extinctions","8 extinctions","Extinct patches","8 Dispersed",2,91.4583333333333,0
"169",169,169,11,9,3,1,"Tet",TRUE,1,3,8,FALSE,3,"Dispersed extinctions","8 extinctions","Extinct patches","8 Dispersed",2,91.4583333333333,0
"170",170,170,11,10,3,2,"Ble",FALSE,0,NA,8,FALSE,3,"Dispersed extinctions","8 extinctions","Non-extinct patches","8 Dispersed",0,0,1
"171",171,171,11,11,3,3,"Ble",TRUE,1,4,8,FALSE,3,"Dispersed extinctions","8 extinctions","Extinct patches","8 Dispersed",3,164.466666666667,0
"172",172,172,11,12,3,4,"Tet",FALSE,0,NA,8,FALSE,3,"Dispersed extinctions","8 extinctions","Non-extinct patches","8 Dispersed",0,0,1
"173",173,173,11,13,4,1,"Col",FALSE,0,NA,8,FALSE,3,"Dispersed extinctions","8 extinctions","Non-extinct patches","8 Dispersed",0,0,1
"174",174,174,11,14,4,2,"Ble",TRUE,1,3,8,FALSE,3,"Dispersed extinctions","8 extinctions","Extinct patches","8 Dispersed",3,164.466666666667,0
"175",175,175,11,15,4,3,"Ble",FALSE,0,NA,8,FALSE,3,"Dispersed extinctions","8 extinctions","Non-extinct patches","8 Dispersed",0,0,1
"176",176,176,11,16,4,4,"Col",TRUE,1,2,8,FALSE,3,"Dispersed extinctions","8 extinctions","Extinct patches","8 Dispersed",2,91.4583333333333,0
"177",177,177,12,1,1,1,"Col",TRUE,1,2,8,FALSE,3,"Dispersed extinctions","8 extinctions","Extinct patches","8 Dispersed",3,164.466666666667,0
"178",178,178,12,2,1,2,"Col",FALSE,0,NA,8,FALSE,3,"Dispersed extinctions","8 extinctions","Non-extinct patches","8 Dispersed",0,0,1
"179",179,179,12,3,1,3,"Col",TRUE,1,3,8,FALSE,3,"Dispersed extinctions","8 extinctions","Extinct patches","8 Dispersed",2,91.4583333333333,0
"180",180,180,12,4,1,4,"Tet",FALSE,0,NA,8,FALSE,3,"Dispersed extinctions","8 extinctions","Non-extinct patches","8 Dispersed",0,0,1
"181",181,181,12,5,2,1,"Tet",FALSE,0,NA,8,FALSE,3,"Dispersed extinctions","8 extinctions","Non-extinct patches","8 Dispersed",0,0,1
"182",182,182,12,6,2,2,"Tet",TRUE,1,4,8,FALSE,3,"Dispersed extinctions","8 extinctions","Extinct patches","8 Dispersed",2,91.4583333333333,0
"183",183,183,12,7,2,3,"Ble",FALSE,0,NA,8,FALSE,3,"Dispersed extinctions","8 extinctions","Non-extinct patches","8 Dispersed",0,0,1
"184",184,184,12,8,2,4,"Col",TRUE,1,3,8,FALSE,3,"Dispersed extinctions","8 extinctions","Extinct patches","8 Dispersed",2,91.4583333333333,0
"185",185,185,12,9,3,1,"Ble",TRUE,1,3,8,FALSE,3,"Dispersed extinctions","8 extinctions","Extinct patches","8 Dispersed",3,164.466666666667,0
"186",186,186,12,10,3,2,"Col",FALSE,0,NA,8,FALSE,3,"Dispersed extinctions","8 extinctions","Non-extinct patches","8 Dispersed",0,0,1
"187",187,187,12,11,3,3,"Tet",TRUE,1,4,8,FALSE,3,"Dispersed extinctions","8 extinctions","Extinct patches","8 Dispersed",3,164.466666666667,0
"188",188,188,12,12,3,4,"Tet",FALSE,0,NA,8,FALSE,3,"Dispersed extinctions","8 extinctions","Non-extinct patches","8 Dispersed",0,0,1
"189",189,189,12,13,4,1,"Tet",FALSE,0,NA,8,FALSE,3,"Dispersed extinctions","8 extinctions","Non-extinct patches","8 Dispersed",0,0,1
"190",190,190,12,14,4,2,"Ble",TRUE,1,3,8,FALSE,3,"Dispersed extinctions","8 extinctions","Extinct patches","8 Dispersed",3,164.466666666667,0
"191",191,191,12,15,4,3,"Ble",FALSE,0,NA,8,FALSE,3,"Dispersed extinctions","8 extinctions","Non-extinct patches","8 Dispersed",0,0,1
"192",192,192,12,16,4,4,"Ble",TRUE,1,2,8,FALSE,3,"Dispersed extinctions","8 extinctions","Extinct patches","8 Dispersed",3,164.466666666667,0
"193",193,193,13,1,1,1,"Ble",TRUE,2,0,8,TRUE,4,"Clumped extinctions","8 extinctions","Extinct patches","8 Clumped",6,260,0
"194",194,194,13,2,1,2,"Tet",TRUE,1,1,8,TRUE,4,"Clumped extinctions","8 extinctions","Extinct patches","8 Clumped",3,164.466666666667,0
"195",195,195,13,3,1,3,"Col",FALSE,0,NA,8,TRUE,4,"Clumped extinctions","8 extinctions","Non-extinct patches","8 Clumped",0,0,1
"196",196,196,13,4,1,4,"Ble",FALSE,0,NA,8,TRUE,4,"Clumped extinctions","8 extinctions","Non-extinct patches","8 Clumped",0,0,2
"197",197,197,13,5,2,1,"Col",TRUE,2,0,8,TRUE,4,"Clumped extinctions","8 extinctions","Extinct patches","8 Clumped",4,212.395833333333,0
"198",198,198,13,6,2,2,"Tet",TRUE,1,1,8,TRUE,4,"Clumped extinctions","8 extinctions","Extinct patches","8 Clumped",3,164.466666666667,0
"199",199,199,13,7,2,3,"Tet",FALSE,0,NA,8,TRUE,4,"Clumped extinctions","8 extinctions","Non-extinct patches","8 Clumped",0,0,1
"200",200,200,13,8,2,4,"Col",FALSE,0,NA,8,TRUE,4,"Clumped extinctions","8 extinctions","Non-extinct patches","8 Clumped",0,0,2
"201",201,201,13,9,3,1,"Ble",TRUE,2,0,8,TRUE,4,"Clumped extinctions","8 extinctions","Extinct patches","8 Clumped",5,260.041666666667,0
"202",202,202,13,10,3,2,"Tet",TRUE,1,1,8,TRUE,4,"Clumped extinctions","8 extinctions","Extinct patches","8 Clumped",4,212.395833333333,0
"203",203,203,13,11,3,3,"Tet",FALSE,0,NA,8,TRUE,4,"Clumped extinctions","8 extinctions","Non-extinct patches","8 Clumped",0,0,1
"204",204,204,13,12,3,4,"Ble",FALSE,0,NA,8,TRUE,4,"Clumped extinctions","8 extinctions","Non-extinct patches","8 Clumped",0,0,2
"205",205,205,13,13,4,1,"Col",TRUE,2,0,8,TRUE,4,"Clumped extinctions","8 extinctions","Extinct patches","8 Clumped",6,260,0
"206",206,206,13,14,4,2,"Col",TRUE,1,1,8,TRUE,4,"Clumped extinctions","8 extinctions","Extinct patches","8 Clumped",5,260.041666666667,0
"207",207,207,13,15,4,3,"Col",FALSE,0,NA,8,TRUE,4,"Clumped extinctions","8 extinctions","Non-extinct patches","8 Clumped",0,0,1
"208",208,208,13,16,4,4,"Ble",FALSE,0,NA,8,TRUE,4,"Clumped extinctions","8 extinctions","Non-extinct patches","8 Clumped",0,0,2
"209",209,209,14,1,1,1,"Col",FALSE,0,NA,8,TRUE,4,"Clumped extinctions","8 extinctions","Non-extinct patches","8 Clumped",0,0,2
"210",210,210,14,2,1,2,"Ble",FALSE,0,NA,8,TRUE,4,"Clumped extinctions","8 extinctions","Non-extinct patches","8 Clumped",0,0,1
"211",211,211,14,3,1,3,"Ble",TRUE,1,1,8,TRUE,4,"Clumped extinctions","8 extinctions","Extinct patches","8 Clumped",3,164.466666666667,0
"212",212,212,14,4,1,4,"Ble",TRUE,2,0,8,TRUE,4,"Clumped extinctions","8 extinctions","Extinct patches","8 Clumped",4,212.395833333333,0
"213",213,213,14,5,2,1,"Tet",FALSE,0,NA,8,TRUE,4,"Clumped extinctions","8 extinctions","Non-extinct patches","8 Clumped",0,0,2
"214",214,214,14,6,2,2,"Col",FALSE,0,NA,8,TRUE,4,"Clumped extinctions","8 extinctions","Non-extinct patches","8 Clumped",0,0,1
"215",215,215,14,7,2,3,"Ble",TRUE,1,1,8,TRUE,4,"Clumped extinctions","8 extinctions","Extinct patches","8 Clumped",2,91.4583333333333,0
"216",216,216,14,8,2,4,"Tet",TRUE,2,0,8,TRUE,4,"Clumped extinctions","8 extinctions","Extinct patches","8 Clumped",3,164.466666666667,0
"217",217,217,14,9,3,1,"Tet",FALSE,0,NA,8,TRUE,4,"Clumped extinctions","8 extinctions","Non-extinct patches","8 Clumped",0,0,2
"218",218,218,14,10,3,2,"Tet",FALSE,0,NA,8,TRUE,4,"Clumped extinctions","8 extinctions","Non-extinct patches","8 Clumped",0,0,1
"219",219,219,14,11,3,3,"Ble",TRUE,1,1,8,TRUE,4,"Clumped extinctions","8 extinctions","Extinct patches","8 Clumped",2,91.4583333333333,0
"220",220,220,14,12,3,4,"Col",TRUE,2,0,8,TRUE,4,"Clumped extinctions","8 extinctions","Extinct patches","8 Clumped",3,164.466666666667,0
"221",221,221,14,13,4,1,"Col",FALSE,0,NA,8,TRUE,4,"Clumped extinctions","8 extinctions","Non-extinct patches","8 Clumped",0,0,2
"222",222,222,14,14,4,2,"Ble",FALSE,0,NA,8,TRUE,4,"Clumped extinctions","8 extinctions","Non-extinct patches","8 Clumped",0,0,1
"223",223,223,14,15,4,3,"Tet",TRUE,1,1,8,TRUE,4,"Clumped extinctions","8 extinctions","Extinct patches","8 Clumped",3,164.466666666667,0
"224",224,224,14,16,4,4,"Col",TRUE,2,0,8,TRUE,4,"Clumped extinctions","8 extinctions","Extinct patches","8 Clumped",4,212.395833333333,0
"225",225,225,15,1,1,1,"Tet",FALSE,0,NA,8,TRUE,4,"Clumped extinctions","8 extinctions","Non-extinct patches","8 Clumped",0,0,2
"226",226,226,15,2,1,2,"Ble",FALSE,0,NA,8,TRUE,4,"Clumped extinctions","8 extinctions","Non-extinct patches","8 Clumped",0,0,1
"227",227,227,15,3,1,3,"Col",TRUE,1,1,8,TRUE,4,"Clumped extinctions","8 extinctions","Extinct patches","8 Clumped",2,91.4583333333333,0
"228",228,228,15,4,1,4,"Col",TRUE,2,0,8,TRUE,4,"Clumped extinctions","8 extinctions","Extinct patches","8 Clumped",3,164.466666666667,0
"229",229,229,15,5,2,1,"Tet",FALSE,0,NA,8,TRUE,4,"Clumped extinctions","8 extinctions","Non-extinct patches","8 Clumped",0,0,2
"230",230,230,15,6,2,2,"Tet",FALSE,0,NA,8,TRUE,4,"Clumped extinctions","8 extinctions","Non-extinct patches","8 Clumped",0,0,1
"231",231,231,15,7,2,3,"Ble",TRUE,1,1,8,TRUE,4,"Clumped extinctions","8 extinctions","Extinct patches","8 Clumped",1,44.0875,0
"232",232,232,15,8,2,4,"Col",TRUE,2,0,8,TRUE,4,"Clumped extinctions","8 extinctions","Extinct patches","8 Clumped",3,164.466666666667,0
"233",233,233,15,9,3,1,"Ble",FALSE,0,NA,8,TRUE,4,"Clumped extinctions","8 extinctions","Non-extinct patches","8 Clumped",0,0,2
"234",234,234,15,10,3,2,"Col",FALSE,0,NA,8,TRUE,4,"Clumped extinctions","8 extinctions","Non-extinct patches","8 Clumped",0,0,1
"235",235,235,15,11,3,3,"Col",TRUE,1,1,8,TRUE,4,"Clumped extinctions","8 extinctions","Extinct patches","8 Clumped",2,91.4583333333333,0
"236",236,236,15,12,3,4,"Ble",TRUE,2,0,8,TRUE,4,"Clumped extinctions","8 extinctions","Extinct patches","8 Clumped",3,164.466666666667,0
"237",237,237,15,13,4,1,"Tet",FALSE,0,NA,8,TRUE,4,"Clumped extinctions","8 extinctions","Non-extinct patches","8 Clumped",0,0,2
"238",238,238,15,14,4,2,"Col",FALSE,0,NA,8,TRUE,4,"Clumped extinctions","8 extinctions","Non-extinct patches","8 Clumped",0,0,1
"239",239,239,15,15,4,3,"Ble",TRUE,1,1,8,TRUE,4,"Clumped extinctions","8 extinctions","Extinct patches","8 Clumped",3,164.466666666667,0
"240",240,240,15,16,4,4,"Tet",TRUE,2,0,8,TRUE,4,"Clumped extinctions","8 extinctions","Extinct patches","8 Clumped",4,212.395833333333,0
